id,StudentUniqueId,FirstName,LastSurname,grade,Gender,id_enrollment,student_id,SchoolId,academic_year,EntryDate,enrollment_end_date,notes,id_school,NameOfInstitution,start_grade,end_grade,start_date,end_date,DisplayName,ExitWithdrawDate
3377,132060,Kirby,Webb,6,F,73,3377,122,2020,2019-08-28,2020-06-05,,122,Kanye Herme School for the Arts,6,8,2019-08-28,2020-06-05,"Webb, Kirby",2020-06-05
3349,132032,Francisco,Blaese,7,M,45,3349,122,2020,2019-08-28,2020-06-05,,122,Kanye Herme School for the Arts,6,8,2019-08-28,2020-06-05,"Blaese, Francisco",2020-06-05
3337,132020,Madison,Frye,8,F,33,3337,122,2020,2019-10-16,2020-06-05,,122,Kanye Herme School for the Arts,6,8,2019-08-28,2020-06-05,"Frye, Madison",2020-06-05
3364,132047,Rae,Nieves,6,M,60,3364,122,2020,2019-08-28,2020-06-05,,122,Kanye Herme School for the Arts,6,8,2019-08-28,2020-06-05,"Nieves, Rae",2020-06-05
3318,132001,Zion,Boone,8,M,14,3318,122,2020,2019-08-28,2020-06-05,,122,Kanye Herme School for the Arts,6,8,2019-08-28,2020-06-05,"Boone, Zion",2020-06-05
3351,132034,Remy,Power,7,F,47,3351,122,2020,2019-08-28,2020-06-05,,122,Kanye Herme School for the Arts,6,8,2019-08-28,2020-06-05,"Power, Remy",2020-06-05
3322,132005,Aidan,Kidd,8,M,18,3322,122,2020,2019-08-28,2020-06-05,,122,Kanye Herme School for the Arts,6,8,2019-08-28,2020-06-05,"Kidd, Aidan",2020-06-05
3357,132040,Elleanor,Dominguez,7,F,53,3357,122,2020,2019-08-28,2020-06-05,,122,Kanye Herme School for the Arts,6,8,2019-08-28,2020-06-05,"Dominguez, Elleanor",2020-06-05
3361,132044,Iylah,Chapman,7,F,57,3361,122,2020,2019-08-28,2020-06-05,,122,Kanye Herme School for the Arts,6,8,2019-08-28,2020-06-05,"Chapman, Iylah",2020-06-05
3347,132030,Dan,Wills,7,M,43,3347,122,2020,2019-11-04,2020-06-05,,122,Kanye Herme School for the Arts,6,8,2019-08-28,2020-06-05,"Wills, Dan",2020-06-05
3319,132002,Laith,Villegas,8,M,15,3319,122,2020,2019-08-28,2020-06-05,,122,Kanye Herme School for the Arts,6,8,2019-08-28,2020-06-05,"Villegas, Laith",2020-06-05
3325,132008,Kaylan,Scott,8,F,21,3325,122,2020,2019-08-28,2020-06-05,,122,Kanye Herme School for the Arts,6,8,2019-08-28,2020-06-05,"Scott, Kaylan",2020-06-05
3309,131992,Rohit,Barlow,8,M,5,3309,122,2020,2019-08-28,2020-06-05,,122,Kanye Herme School for the Arts,6,8,2019-08-28,2020-06-05,"Barlow, Rohit",2020-06-05
3358,132041,Neriah,Parra,7,F,54,3358,122,2020,2019-08-28,2020-06-05,,122,Kanye Herme School for the Arts,6,8,2019-08-28,2020-06-05,"Parra, Neriah",2020-06-05
3329,132012,Sade,Couch,8,F,25,3329,122,2020,2019-08-28,2020-06-05,,122,Kanye Herme School for the Arts,6,8,2019-08-28,2020-06-05,"Couch, Sade",2020-06-05
3356,132039,Emma-Louise,Bartlett,7,F,52,3356,122,2020,2019-08-28,2020-06-05,,122,Kanye Herme School for the Arts,6,8,2019-08-28,2020-06-05,"Bartlett, Emma-louise",2020-06-05
3333,132016,Ifrah,Hernandez,8,F,29,3333,122,2020,2019-08-28,2020-06-05,,122,Kanye Herme School for the Arts,6,8,2019-08-28,2020-06-05,"Hernandez, Ifrah",2020-06-05
3314,131997,Harper,Carr,8,M,10,3314,122,2020,2019-08-28,2020-06-05,,122,Kanye Herme School for the Arts,6,8,2019-08-28,2020-06-05,"Carr, Harper",2020-06-05
3312,131995,Stefan,Murphy,8,M,8,3312,122,2020,2019-08-28,2020-06-05,,122,Kanye Herme School for the Arts,6,8,2019-08-28,2020-06-05,"Murphy, Stefan",2020-06-05
3307,131990,Donnie,Mitchell,8,M,3,3307,122,2020,2019-08-28,2020-06-05,,122,Kanye Herme School for the Arts,6,8,2019-08-28,2020-06-05,"Mitchell, Donnie",2020-06-05
3308,131991,Melvin,Ward,8,M,4,3308,122,2020,2019-08-28,2020-06-05,,122,Kanye Herme School for the Arts,6,8,2019-08-28,2020-06-05,"Ward, Melvin",2020-06-05
3370,132053,Jerry,Sims,6,M,66,3370,122,2020,2019-08-28,2020-06-05,,122,Kanye Herme School for the Arts,6,8,2019-08-28,2020-06-05,"Sims, Jerry",2020-06-05
3366,132049,Joy,Erickson,6,M,62,3366,122,2020,2019-08-28,2020-06-05,,122,Kanye Herme School for the Arts,6,8,2019-08-28,2020-06-05,"Erickson, Joy",2020-06-05
3368,132051,Raheem,Owen,6,M,64,3368,122,2020,2019-08-28,2020-06-05,,122,Kanye Herme School for the Arts,6,8,2019-08-28,2020-06-05,"Owen, Raheem",2020-06-05
3346,132029,Oliwier,Wynn,7,M,42,3346,122,2020,2019-08-28,2020-06-05,,122,Kanye Herme School for the Arts,6,8,2019-08-28,2020-06-05,"Wynn, Oliwier",2020-06-05
3305,131988,Vernon,Huber,8,M,1,3305,122,2020,2019-08-28,2020-06-05,,122,Kanye Herme School for the Arts,6,8,2019-08-28,2020-06-05,"Huber, Vernon",2020-06-05
3378,132061,Charity,Mcpherson,6,F,74,3378,122,2020,2019-08-28,2020-06-05,,122,Kanye Herme School for the Arts,6,8,2019-08-28,2020-06-05,"Mcpherson, Charity",2020-06-05
3316,131999,Austin,Carey,8,M,12,3316,122,2020,2019-08-28,2020-06-05,,122,Kanye Herme School for the Arts,6,8,2019-08-28,2020-06-05,"Carey, Austin",2020-06-05
3381,132064,Jemma,Baker,6,F,77,3381,122,2020,2019-08-28,2020-06-05,,122,Kanye Herme School for the Arts,6,8,2019-08-28,2020-06-05,"Baker, Jemma",2020-06-05
3359,132042,Simona,Moore,7,F,55,3359,122,2020,2019-08-28,2020-06-05,,122,Kanye Herme School for the Arts,6,8,2019-08-28,2020-06-05,"Moore, Simona",2020-06-05
3328,132011,Clarissa,Molina,8,F,24,3328,122,2020,2019-08-28,2020-04-03,,122,Kanye Herme School for the Arts,6,8,2019-08-28,2020-06-05,"Molina, Clarissa",2020-04-06
3315,131998,Laurie,Bird,8,M,11,3315,122,2020,2019-08-28,2019-08-29,,122,Kanye Herme School for the Arts,6,8,2019-08-28,2020-06-05,"Bird, Laurie",2019-09-02
3374,132057,Roshni,Huff,6,F,70,3374,122,2020,2019-08-28,2020-06-05,,122,Kanye Herme School for the Arts,6,8,2019-08-28,2020-06-05,"Huff, Roshni",2020-06-05
3348,132031,Micheal,Lucero,7,M,44,3348,122,2020,2019-08-28,2020-01-04,,122,Kanye Herme School for the Arts,6,8,2019-08-28,2020-06-05,"Lucero, Micheal",2020-01-06
3336,132019,Roksana,Parry,8,F,32,3336,122,2020,2019-10-15,2020-06-05,,122,Kanye Herme School for the Arts,6,8,2019-08-28,2020-06-05,"Parry, Roksana",2020-06-05
3369,132052,Blake,Joyce,6,M,65,3369,122,2020,2019-08-28,2020-06-05,,122,Kanye Herme School for the Arts,6,8,2019-08-28,2020-06-05,"Joyce, Blake",2020-06-05
3342,132025,Jeevan,Barr,7,M,38,3342,122,2020,2019-08-28,2020-06-05,,122,Kanye Herme School for the Arts,6,8,2019-08-28,2020-06-05,"Barr, Jeevan",2020-06-05
3331,132014,Ezmae,Chang,8,F,27,3331,122,2020,2019-08-28,2020-06-05,,122,Kanye Herme School for the Arts,6,8,2019-08-28,2020-06-05,"Chang, Ezmae",2020-06-05
3327,132010,Mina,Schmitt,8,F,23,3327,122,2020,2019-08-28,2020-06-05,,122,Kanye Herme School for the Arts,6,8,2019-08-28,2020-06-05,"Schmitt, Mina",2020-06-05
3379,132062,Sasha,Barrow,6,F,75,3379,122,2020,2019-08-28,2020-06-05,,122,Kanye Herme School for the Arts,6,8,2019-08-28,2020-06-05,"Barrow, Sasha",2020-06-05
3353,132036,Theia,Simpson,7,F,49,3353,122,2020,2019-08-28,2020-06-05,,122,Kanye Herme School for the Arts,6,8,2019-08-28,2020-06-05,"Simpson, Theia",2020-06-05
3360,132043,Lennon,Finnegan,7,F,56,3360,122,2020,2019-08-28,2020-06-05,,122,Kanye Herme School for the Arts,6,8,2019-08-28,2020-06-05,"Finnegan, Lennon",2020-06-05
3310,131993,Sanjay,Fischer,8,M,6,3310,122,2020,2019-08-28,2020-06-05,,122,Kanye Herme School for the Arts,6,8,2019-08-28,2020-06-05,"Fischer, Sanjay",2020-06-05
3371,132054,Huw,Ayala,6,M,67,3371,122,2020,2019-08-28,2020-06-05,,122,Kanye Herme School for the Arts,6,8,2019-08-28,2020-06-05,"Ayala, Huw",2020-06-05
3375,132058,Skylah,Byrne,6,F,71,3375,122,2020,2019-08-28,2020-06-05,,122,Kanye Herme School for the Arts,6,8,2019-08-28,2020-06-05,"Byrne, Skylah",2020-06-05
3365,132048,Faith,Cooley,6,M,61,3365,122,2020,2019-08-28,2020-06-05,,122,Kanye Herme School for the Arts,6,8,2019-08-28,2020-06-05,"Cooley, Faith",2020-06-05
3373,132056,Anis,Good,6,F,69,3373,122,2020,2019-08-28,2020-06-05,,122,Kanye Herme School for the Arts,6,8,2019-08-28,2020-06-05,"Good, Anis",2020-06-05
3326,132009,Kodi,Lee,8,F,22,3326,122,2020,2019-08-28,2020-06-05,,122,Kanye Herme School for the Arts,6,8,2019-08-28,2020-06-05,"Lee, Kodi",2020-06-05
3324,132007,Ruby-Leigh,Neal,8,F,20,3324,122,2020,2019-08-28,2020-06-01,,122,Kanye Herme School for the Arts,6,8,2019-08-28,2020-06-05,"Neal, Ruby-leigh",2020-06-03
3352,132035,Alexia,Blevins,7,F,48,3352,122,2020,2019-08-28,2020-06-05,,122,Kanye Herme School for the Arts,6,8,2019-08-28,2020-06-05,"Blevins, Alexia",2020-06-05
3350,132033,Lukas,Cousins,7,M,46,3350,122,2020,2019-08-28,2020-06-05,,122,Kanye Herme School for the Arts,6,8,2019-08-28,2020-06-05,"Cousins, Lukas",2020-06-05
3334,132017,Roza,Haynes,8,F,30,3334,122,2020,2019-08-28,2020-06-05,,122,Kanye Herme School for the Arts,6,8,2019-08-28,2020-06-05,"Haynes, Roza",2020-06-05
3341,132024,Dani,Stafford,7,M,37,3341,122,2020,2019-08-28,2020-06-05,,122,Kanye Herme School for the Arts,6,8,2019-08-28,2020-06-05,"Stafford, Dani",2020-06-05
3311,131994,Roan,Lawson,8,M,7,3311,122,2020,2019-08-28,2020-06-05,,122,Kanye Herme School for the Arts,6,8,2019-08-28,2020-06-05,"Lawson, Roan",2020-06-05
3372,132055,Faiz,Gordon,6,M,68,3372,122,2020,2019-08-28,2020-06-05,,122,Kanye Herme School for the Arts,6,8,2019-08-28,2020-06-05,"Gordon, Faiz",2020-06-05
3362,132045,Scarlette,Carver,7,F,58,3362,122,2020,2019-08-28,2020-06-05,,122,Kanye Herme School for the Arts,6,8,2019-08-28,2020-06-05,"Carver, Scarlette",2020-06-05
3321,132004,Aarav,Hays,8,M,17,3321,122,2020,2019-08-28,2020-06-05,,122,Kanye Herme School for the Arts,6,8,2019-08-28,2020-06-05,"Hays, Aarav",2020-06-05
3367,132050,Diya,Harrison,6,M,63,3367,122,2020,2019-08-28,2020-06-05,,122,Kanye Herme School for the Arts,6,8,2019-08-28,2020-06-05,"Harrison, Diya",2020-06-05
3345,132028,Lloyd,Roche,7,M,41,3345,122,2020,2019-08-28,2020-06-05,,122,Kanye Herme School for the Arts,6,8,2019-08-28,2020-06-05,"Roche, Lloyd",2020-06-05
3317,132000,Ethan,Butler,8,M,13,3317,122,2020,2019-08-28,2020-06-05,,122,Kanye Herme School for the Arts,6,8,2019-08-28,2020-06-05,"Butler, Ethan",2020-06-05
3376,132059,Tate,Porter,6,F,72,3376,122,2020,2019-08-28,2020-06-05,,122,Kanye Herme School for the Arts,6,8,2019-08-28,2020-06-05,"Porter, Tate",2020-06-05
3343,132026,Garin,Heath,7,M,39,3343,122,2020,2019-08-28,2020-06-05,,122,Kanye Herme School for the Arts,6,8,2019-08-28,2020-06-05,"Heath, Garin",2020-06-05
3332,132015,Sky,Ochoa,8,F,28,3332,122,2020,2019-08-28,2020-06-05,,122,Kanye Herme School for the Arts,6,8,2019-08-28,2020-06-05,"Ochoa, Sky",2020-06-05
3306,131989,Cai,Douglas,8,M,2,3306,122,2020,2019-08-28,2020-06-05,,122,Kanye Herme School for the Arts,6,8,2019-08-28,2020-06-05,"Douglas, Cai",2020-06-05
3363,132046,Anika,Tanner,7,X,59,3363,122,2020,2019-08-28,2020-06-05,,122,Kanye Herme School for the Arts,6,8,2019-08-28,2020-06-05,"Tanner, Anika",2020-06-05
3323,132006,Maksim,Francis,8,M,19,3323,122,2020,2019-08-28,2020-06-05,,122,Kanye Herme School for the Arts,6,8,2019-08-28,2020-06-05,"Francis, Maksim",2020-06-05
3320,132003,Danyal,Redfern,8,M,16,3320,122,2020,2019-08-28,2020-06-05,,122,Kanye Herme School for the Arts,6,8,2019-08-28,2020-06-05,"Redfern, Danyal",2020-06-05
3344,132027,Tyrell,Andrade,7,M,40,3344,122,2020,2019-08-28,2020-06-05,,122,Kanye Herme School for the Arts,6,8,2019-08-28,2020-06-05,"Andrade, Tyrell",2020-06-05
3340,132023,Kian,Rhodes,7,M,36,3340,122,2020,2019-08-28,2020-06-05,,122,Kanye Herme School for the Arts,6,8,2019-08-28,2020-06-05,"Rhodes, Kian",2020-06-05
3313,131996,Charli,Leon,8,M,9,3313,122,2020,2019-08-28,2020-06-05,,122,Kanye Herme School for the Arts,6,8,2019-08-28,2020-06-05,"Leon, Charli",2020-06-05
3355,132038,Daisie,Rush,7,F,51,3355,122,2020,2019-08-28,2020-06-05,,122,Kanye Herme School for the Arts,6,8,2019-08-28,2020-06-05,"Rush, Daisie",2020-06-05
3354,132037,Ava-Mae,Carter,7,F,50,3354,122,2020,2019-08-28,2020-06-05,,122,Kanye Herme School for the Arts,6,8,2019-08-28,2020-06-05,"Carter, Ava-mae",2020-06-05
3335,132018,Harris,Harper,8,F,31,3335,122,2020,2019-08-28,2020-06-05,,122,Kanye Herme School for the Arts,6,8,2019-08-28,2020-06-05,"Harper, Harris",2020-06-05
3338,132021,Jaxson,Guerrero,7,M,34,3338,122,2020,2019-08-28,2020-06-05,,122,Kanye Herme School for the Arts,6,8,2019-08-28,2020-06-05,"Guerrero, Jaxson",2020-06-05
3330,132013,Alysia,Joseph,8,F,26,3330,122,2020,2019-08-28,2020-06-05,,122,Kanye Herme School for the Arts,6,8,2019-08-28,2020-06-05,"Joseph, Alysia",2020-06-05
3380,132063,Asher,Peck,6,F,76,3380,122,2020,2019-08-28,2020-06-05,,122,Kanye Herme School for the Arts,6,8,2019-08-28,2020-06-05,"Peck, Asher",2020-06-05
3339,132022,Hakim,Broadhurst,7,M,35,3339,122,2020,2019-08-28,2020-06-05,,122,Kanye Herme School for the Arts,6,8,2019-08-28,2020-06-05,"Broadhurst, Hakim",2020-06-05
3436,1100034,Angharad,Mccormack,3,F,132,3436,121,2020,2019-09-05,2020-06-05,,121,Avghatis Elementary,K,5,2019-09-05,2020-06-05,"Mccormack, Angharad",2020-06-05
3439,1100037,Amiya,Salgado,3,F,135,3439,121,2020,2019-09-05,2020-06-05,,121,Avghatis Elementary,K,5,2019-09-05,2020-06-05,"Salgado, Amiya",2020-06-05
3413,1100011,Anabia,Stamp,4,F,109,3413,121,2020,2019-09-05,2020-06-05,,121,Avghatis Elementary,K,5,2019-09-05,2020-06-05,"Stamp, Anabia",2020-06-05
3415,1100013,Fatima,Rosales,4,F,111,3415,121,2020,2019-09-05,2020-06-05,,121,Avghatis Elementary,K,5,2019-09-05,2020-06-05,"Rosales, Fatima",2020-06-05
3437,1100035,Heena,Stafford,3,F,133,3437,121,2020,2019-09-05,2020-06-05,,121,Avghatis Elementary,K,5,2019-09-05,2020-06-05,"Stafford, Heena",2020-06-05
3384,132067,Carmen,Mcarthur,5,M,80,3384,121,2020,2019-09-05,2020-06-05,,121,Avghatis Elementary,K,5,2019-09-05,2020-06-05,"Mcarthur, Carmen",2020-06-05
3387,132070,Dominik,Keenan,5,M,83,3387,121,2020,2019-09-05,2020-06-05,,121,Avghatis Elementary,K,5,2019-09-05,2020-06-05,"Keenan, Dominik",2020-06-05
3481,1100079,Piotr,Cervantes,K,M,177,3481,121,2020,2019-09-05,2020-06-05,,121,Avghatis Elementary,K,5,2019-09-05,2020-06-05,"Cervantes, Piotr",2020-06-05
3392,132075,Cynthia,Lister,5,F,88,3392,121,2020,2019-11-14,2020-06-05,,121,Avghatis Elementary,K,5,2019-09-05,2020-06-05,"Lister, Cynthia",2020-06-05
3440,1100038,Benedict,Levy,2,M,136,3440,121,2020,2019-09-05,2020-06-05,,121,Avghatis Elementary,K,5,2019-09-05,2020-06-05,"Levy, Benedict",2020-06-05
3480,1100078,Akshay,O'Sullivan,K,M,176,3480,121,2020,2019-09-05,2020-06-05,,121,Avghatis Elementary,K,5,2019-09-05,2020-06-05,"O'sullivan, Akshay",2020-06-05
3394,132077,Toyah,Bond,5,F,90,3394,121,2020,2019-09-05,2019-09-13,,121,Avghatis Elementary,K,5,2019-09-05,2020-06-05,"Bond, Toyah",2019-09-16
3411,1100009,Luciano,Mcbride,4,M,107,3411,121,2020,2019-09-05,2020-06-05,,121,Avghatis Elementary,K,5,2019-09-05,2020-06-05,"Mcbride, Luciano",2020-06-05
3426,1100024,Danyl,Watkins,3,M,122,3426,121,2020,2019-09-05,2020-06-05,,121,Avghatis Elementary,K,5,2019-09-05,2020-06-05,"Watkins, Danyl",2020-06-05
3409,1100007,Ezra,Hanna,4,M,105,3409,121,2020,2019-09-05,2020-06-05,,121,Avghatis Elementary,K,5,2019-09-05,2020-06-05,"Hanna, Ezra",2020-06-05
3461,1100059,Huda,Morales,2,F,157,3461,121,2020,2019-09-05,2020-06-05,,121,Avghatis Elementary,K,5,2019-09-05,2020-06-05,"Morales, Huda",2020-06-05
3438,1100036,Zofia,Downes,3,F,134,3438,121,2020,2019-09-05,2020-06-05,,121,Avghatis Elementary,K,5,2019-09-05,2020-06-05,"Downes, Zofia",2020-06-05
3416,1100014,Joni,Galindo,4,F,112,3416,121,2020,2019-09-05,2020-06-05,,121,Avghatis Elementary,K,5,2019-09-05,2020-06-05,"Galindo, Joni",2020-06-05
3477,1100075,Celine,Lyon,1,F,173,3477,121,2020,2019-09-05,2020-06-05,,121,Avghatis Elementary,K,5,2019-09-05,2020-06-05,"Lyon, Celine",2020-06-05
3476,1100074,Ziva,Manning,1,F,172,3476,121,2020,2019-09-05,2020-06-05,,121,Avghatis Elementary,K,5,2019-09-05,2020-06-05,"Manning, Ziva",2020-06-05
3502,1100100,Aniela,Montgomery,K,F,198,3502,121,2020,2019-09-05,2020-06-05,,121,Avghatis Elementary,K,5,2019-09-05,2020-06-05,"Montgomery, Aniela",2020-06-05
3500,1100098,Maci,Bowman,K,F,196,3500,121,2020,2019-09-08,2020-06-05,,121,Avghatis Elementary,K,5,2019-09-05,2020-06-05,"Bowman, Maci",2020-06-05
3501,1100099,Shaunna,Sargent,K,F,197,3501,121,2020,2019-09-04,2020-06-05,,121,Avghatis Elementary,K,5,2019-09-05,2020-06-05,"Sargent, Shaunna",2020-06-05
3414,1100012,Melody,Hudson,4,F,110,3414,121,2020,2019-09-05,2020-06-05,,121,Avghatis Elementary,K,5,2019-09-05,2020-06-05,"Hudson, Melody",2020-06-05
3459,1100057,Alyssa,Stacey,2,F,155,3459,121,2020,2019-09-05,2020-06-05,,121,Avghatis Elementary,K,5,2019-09-05,2020-06-05,"Stacey, Alyssa",2020-06-05
3422,1100020,Youssef,Hurley,3,M,118,3422,121,2020,2019-09-05,2020-06-05,,121,Avghatis Elementary,K,5,2019-09-05,2020-06-05,"Hurley, Youssef",2020-06-05
3457,1100055,Kate,Blackburn,2,F,153,3457,121,2020,2019-09-05,2020-06-05,,121,Avghatis Elementary,K,5,2019-09-05,2020-06-05,"Blackburn, Kate",2020-06-05
3484,1100082,Kacy,Blevins,K,M,180,3484,121,2020,2019-09-05,2020-06-05,,121,Avghatis Elementary,K,5,2019-09-05,2020-06-05,"Blevins, Kacy",2020-06-05
3443,1100041,Alister,Boyce,2,M,139,3443,121,2020,2019-09-05,2020-06-05,,121,Avghatis Elementary,K,5,2019-09-05,2020-06-05,"Boyce, Alister",2020-06-05
3427,1100025,Amaal,Rodriquez,3,M,123,3427,121,2020,2019-09-05,2020-06-05,,121,Avghatis Elementary,K,5,2019-09-05,2020-06-05,"Rodriquez, Amaal",2020-06-05
3408,1100006,Shaun,Halliday,4,M,104,3408,121,2020,2019-09-05,2020-06-05,,121,Avghatis Elementary,K,5,2019-09-05,2020-06-05,"Halliday, Shaun",2020-06-05
3482,1100080,Stephen,Sierra,K,M,178,3482,121,2020,2020-01-11,2020-04-03,,121,Avghatis Elementary,K,5,2019-09-05,2020-06-05,"Sierra, Stephen",2020-04-06
3504,1100102,Ann-Marie,Barker,K,F,200,3504,121,2020,2019-09-05,2020-06-05,,121,Avghatis Elementary,K,5,2019-09-05,2020-06-05,"Barker, Ann-marie",2020-06-05
3386,132069,Caius,Bartlett,5,M,82,3386,121,2020,2019-09-05,2020-06-05,,121,Avghatis Elementary,K,5,2019-09-05,2020-06-05,"Bartlett, Caius",2020-06-05
3474,1100072,Demi,Albert,1,F,170,3474,121,2020,2019-09-05,2020-06-05,,121,Avghatis Elementary,K,5,2019-09-05,2020-06-05,"Albert, Demi",2020-06-05
3458,1100056,Reilly,Flower,2,F,154,3458,121,2020,2019-09-05,2020-06-05,,121,Avghatis Elementary,K,5,2019-09-05,2020-06-05,"Flower, Reilly",2020-06-05
3483,1100081,Sahil,Bowes,K,M,179,3483,121,2020,2019-09-05,2020-06-05,,121,Avghatis Elementary,K,5,2019-09-05,2020-06-05,"Bowes, Sahil",2020-06-05
3425,1100023,Marwan,Kent,3,M,121,3425,121,2020,2019-09-05,2020-06-05,,121,Avghatis Elementary,K,5,2019-09-05,2020-06-05,"Kent, Marwan",2020-06-05
3441,1100039,Gethin,O'Doherty,2,M,137,3441,121,2020,2019-09-05,2020-06-05,,121,Avghatis Elementary,K,5,2019-09-05,2020-06-05,"O'doherty, Gethin",2020-06-05
3385,132068,Azeem,Major,5,M,81,3385,121,2020,2019-10-14,2020-06-05,,121,Avghatis Elementary,K,5,2019-09-05,2020-06-05,"Major, Azeem",2020-06-05
3383,132066,Fahim,Shelton,5,M,79,3383,121,2020,2019-09-05,2020-06-05,,121,Avghatis Elementary,K,5,2019-09-05,2020-06-05,"Shelton, Fahim",2020-06-05
3462,1100060,Kyron,Santana,1,M,158,3462,121,2020,2019-09-05,2020-06-05,,121,Avghatis Elementary,K,5,2019-09-05,2020-06-05,"Santana, Kyron",2020-06-05
3412,1100010,Cari,Southern,4,F,108,3412,121,2020,2019-09-05,2020-06-05,,121,Avghatis Elementary,K,5,2019-09-05,2020-06-05,"Southern, Cari",2020-06-05
3460,1100058,Kya,Cassidy,2,F,156,3460,121,2020,2019-09-05,2020-06-05,,121,Avghatis Elementary,K,5,2019-09-05,2020-06-05,"Cassidy, Kya",2020-06-05
3503,1100101,Dannielle,Hagan,K,F,199,3503,121,2020,2019-09-05,2020-06-05,,121,Avghatis Elementary,K,5,2019-09-05,2020-06-05,"Hagan, Dannielle",2020-06-05
3479,1100077,Courtnie,Humphries,1,F,175,3479,121,2020,2019-09-05,2020-06-05,,121,Avghatis Elementary,K,5,2019-09-05,2020-06-05,"Humphries, Courtnie",2020-06-05
3428,1100026,Kim,Donaldson,3,M,124,3428,121,2020,2019-09-05,2020-06-05,,121,Avghatis Elementary,K,5,2019-09-05,2020-06-05,"Donaldson, Kim",2020-06-05
3410,1100008,Deniz,"Gilliam, Jr.",4,M,106,3410,121,2020,2019-09-05,2020-06-05,,121,Avghatis Elementary,K,5,2019-09-05,2020-06-05,"Gilliam, jr., Deniz",2020-06-05
3498,1100096,Safiyah,Ramsey,K,F,194,3498,121,2020,2019-09-05,2020-06-05,,121,Avghatis Elementary,K,5,2019-09-05,2020-06-05,"Ramsey, Safiyah",2020-06-05
3499,1100097,Freja,Tierney,K,F,195,3499,121,2020,2019-09-05,2020-06-05,,121,Avghatis Elementary,K,5,2019-09-05,2020-06-05,"Tierney, Freja",2020-06-05
3442,1100040,Scott,Morley,2,M,138,3442,121,2020,2019-09-05,2020-05-01,,121,Avghatis Elementary,K,5,2019-09-05,2020-06-05,"Morley, Scott",2020-05-04
3475,1100073,Safiya,Meyers,1,F,171,3475,121,2020,2019-09-05,2020-06-05,,121,Avghatis Elementary,K,5,2019-09-05,2020-06-05,"Meyers, Safiya",2020-06-05
3478,1100076,Alba,Mason,1,F,174,3478,121,2020,2019-09-05,2020-06-05,,121,Avghatis Elementary,K,5,2019-09-05,2020-06-05,"Mason, Alba",2020-06-05
3424,1100022,Mirza,Sears,3,M,120,3424,121,2020,2019-09-05,2020-06-05,,121,Avghatis Elementary,K,5,2019-09-05,2020-06-05,"Sears, Mirza",2020-06-05
3444,1100042,Ayden,Redmond III,2,M,140,3444,121,2020,2019-09-05,2020-06-05,,121,Avghatis Elementary,K,5,2019-09-05,2020-06-05,"Redmond iii, Ayden",2020-06-05
3423,1100021,Ishan,Warner,3,M,119,3423,121,2020,2019-09-05,2020-06-05,,121,Avghatis Elementary,K,5,2019-09-05,2020-06-05,"Warner, Ishan",2020-06-05
3463,1100061,Fabio,Hayden,1,M,159,3463,121,2020,2019-09-05,2020-03-13,,121,Avghatis Elementary,K,5,2019-09-05,2020-06-05,"Hayden, Fabio",2020-03-16
3382,132065,Gideon,Partridge,5,M,78,3382,121,2020,2019-09-05,2020-06-05,,121,Avghatis Elementary,K,5,2019-09-05,2020-06-05,"Partridge, Gideon",2020-06-05
3393,132076,Breanna,Dillard,5,F,89,3393,121,2020,2019-09-05,2020-06-05,,121,Avghatis Elementary,K,5,2019-09-05,2020-06-05,"Dillard, Breanna",2020-06-05
3395,132078,Elen,Bellamy,5,F,91,3395,121,2020,2019-09-05,2020-06-05,,121,Avghatis Elementary,K,5,2019-09-05,2020-06-05,"Bellamy, Elen",2020-06-05
3420,1100018,Kynan,Strong,4,F,116,3420,99,2020,2019-09-05,,,99,Wundercantrel Elementary School,K,5,2019-09-05,2020-06-05,"Strong, Kynan",2020-06-05
3470,1100068,Keiron,Tapia,1,M,166,3470,99,2020,2019-09-05,,,99,Wundercantrel Elementary School,K,5,2019-09-05,2020-06-05,"Tapia, Keiron",2020-06-05
3418,1100016,Alice,Weaver-Florez,4,F,114,3418,99,2020,2019-09-05,,,99,Wundercantrel Elementary School,K,5,2019-09-05,2020-06-05,"Weaver-florez, Alice",2020-06-05
3453,1100051,Dylan,Gallagher,2,F,149,3453,99,2020,2019-09-05,,,99,Wundercantrel Elementary School,K,5,2019-09-05,2020-06-05,"Gallagher, Dylan",2020-06-05
3455,1100053,Kenya,Huerta,2,F,151,3455,99,2020,2019-09-05,,,99,Wundercantrel Elementary School,K,5,2019-09-05,2020-06-05,"Huerta, Kenya",2020-06-05
3454,1100052,Marwah,Mcculloch,2,F,150,3454,99,2020,2019-09-05,,,99,Wundercantrel Elementary School,K,5,2019-09-05,2020-06-05,"Mcculloch, Marwah",2020-06-05
3495,1100093,Hawwa,Tyson,K,F,191,3495,99,2020,2019-09-05,,,99,Wundercantrel Elementary School,K,5,2019-09-05,2020-06-05,"Tyson, Hawwa",2020-06-05
3465,1100063,Raymond,Keller,1,M,161,3465,99,2020,2019-09-05,,,99,Wundercantrel Elementary School,K,5,2019-09-05,2020-06-05,"Keller, Raymond",2020-06-05
3466,1100064,Teo,Cummings,1,M,162,3466,99,2020,2019-09-05,,,99,Wundercantrel Elementary School,K,5,2019-09-05,2020-06-05,"Cummings, Teo",2020-06-05
3490,1100088,Amirah,Richmond,K,F,186,3490,99,2020,2019-09-05,,,99,Wundercantrel Elementary School,K,5,2019-09-05,2020-06-05,"Richmond, Amirah",2020-06-05
3401,132084,Kian,Piper,5,F,97,3401,99,2020,2019-09-05,,,99,Wundercantrel Elementary School,K,5,2019-09-05,2020-06-05,"Piper, Kian",2020-06-05
3469,1100067,Gilbert,Flowers,1,M,165,3469,99,2020,2019-09-05,,,99,Wundercantrel Elementary School,K,5,2019-09-05,2020-06-05,"Flowers, Gilbert",2020-06-05
3390,132073,Lochlan,Austin,5,M,86,3390,99,2020,2019-09-05,,,99,Wundercantrel Elementary School,K,5,2019-09-05,2020-06-05,"Austin, Lochlan",2020-06-05
3435,1100033,Myrtle,Whitehouse,3,F,131,3435,99,2020,2019-09-05,,,99,Wundercantrel Elementary School,K,5,2019-09-05,2020-06-05,"Whitehouse, Myrtle",2020-06-05
3417,1100015,Perry,Whitfield,4,F,113,3417,99,2020,2019-09-05,,,99,Wundercantrel Elementary School,K,5,2019-09-05,2020-06-05,"Whitfield, Perry",2020-06-05
3403,1100001,Keiran,Fields,4,M,99,3403,99,2020,2019-09-05,2019-10-18,,99,Wundercantrel Elementary School,K,5,2019-09-05,2020-06-05,"Fields, Keiran",2019-10-21
3432,1100030,Vanesa,Allan,3,F,128,3432,99,2020,2019-09-05,,,99,Wundercantrel Elementary School,K,5,2019-09-05,2020-06-05,"Allan, Vanesa",2020-06-05
3491,1100089,Lenny,Smart,K,F,187,3491,99,2020,2019-09-05,,,99,Wundercantrel Elementary School,K,5,2019-09-05,2020-06-05,"Smart, Lenny",2020-06-05
3406,1100004,Zidane,Young,4,M,102,3406,99,2020,2019-09-05,,,99,Wundercantrel Elementary School,K,5,2019-09-05,2020-06-05,"Young, Zidane",2020-06-05
3485,1100083,Jorden,Jenkins,K,M,181,3485,99,2020,2019-09-05,,,99,Wundercantrel Elementary School,K,5,2019-09-05,2020-06-05,"Jenkins, Jorden",2020-06-05
3388,132071,Ronald,Cresswell,5,M,84,3388,99,2020,2019-09-05,,,99,Wundercantrel Elementary School,K,5,2019-09-05,2020-06-05,"Cresswell, Ronald",2020-06-05
3389,132072,Nate,Ashton,5,M,85,3389,99,2020,2019-09-05,,,99,Wundercantrel Elementary School,K,5,2019-09-05,2020-06-05,"Ashton, Nate",2020-06-05
3497,1100095,Mali,Lugo,K,F,193,3497,99,2020,2019-09-05,,,99,Wundercantrel Elementary School,K,5,2019-09-05,2020-06-05,"Lugo, Mali",2020-06-05
3450,1100048,Noel,Levine,2,M,146,3450,99,2020,2019-09-05,,,99,Wundercantrel Elementary School,K,5,2019-09-05,2020-06-05,"Levine, Noel",2020-06-05
3402,1100000,Verity,Hogan,4,M,98,3402,99,2020,2019-09-05,,,99,Wundercantrel Elementary School,K,5,2019-09-05,2020-06-05,"Hogan, Verity",2020-06-05
3429,1100027,Raees,Page,3,M,125,3429,99,2020,2019-09-05,,,99,Wundercantrel Elementary School,K,5,2019-09-05,2020-06-05,"Page, Raees",2020-06-05
3433,1100031,Michelle,Brookes,3,F,129,3433,99,2020,2019-09-05,,,99,Wundercantrel Elementary School,K,5,2019-09-05,2020-06-05,"Brookes, Michelle",2020-06-05
3492,1100090,Diana,Cummings,K,F,188,3492,99,2020,2019-09-05,,,99,Wundercantrel Elementary School,K,5,2019-09-05,2020-06-05,"Cummings, Diana",2020-06-05
3488,1100086,Rishi,Duggan,K,M,184,3488,99,2020,2019-09-05,,,99,Wundercantrel Elementary School,K,5,2019-09-05,2020-06-05,"Duggan, Rishi",2020-06-05
3398,132081,Cathy,Patel,5,F,94,3398,99,2020,2019-09-05,,,99,Wundercantrel Elementary School,K,5,2019-09-05,2020-06-05,"Patel, Cathy",2020-06-05
3391,132074,Olaf,Sutherland,5,M,87,3391,99,2020,2019-09-05,,,99,Wundercantrel Elementary School,K,5,2019-09-05,2020-06-05,"Sutherland, Olaf",2020-06-05
3464,1100062,Terence,Wilder,1,M,160,3464,99,2020,2019-09-05,,,99,Wundercantrel Elementary School,K,5,2019-09-05,2020-06-05,"Wilder, Terence",2020-06-05
3493,1100091,Brittney,Buck,K,F,189,3493,99,2020,2019-11-12,,,99,Wundercantrel Elementary School,K,5,2019-09-05,2020-06-05,"Buck, Brittney",2020-06-05
3472,1100070,Karis,Forbes,1,F,168,3472,99,2020,2019-12-11,2019-12-13,,99,Wundercantrel Elementary School,K,5,2019-09-05,2020-06-05,"Forbes, Karis",2019-12-16
3431,1100029,Amber,Delacruz,3,F,127,3431,99,2020,2019-09-05,,,99,Wundercantrel Elementary School,K,5,2019-09-05,2020-06-05,"Delacruz, Amber",2020-06-05
3486,1100084,Luca,Mayer,K,M,182,3486,99,2020,2019-09-05,2020-04-15,,99,Wundercantrel Elementary School,K,5,2019-09-05,2020-06-05,"Mayer, Luca",2020-04-17
3449,1100047,Akeem,Haas,2,M,145,3449,99,2020,2019-09-05,,,99,Wundercantrel Elementary School,K,5,2019-09-05,2020-06-05,"Haas, Akeem",2020-06-05
3400,132083,Frankie,Obrien,5,F,96,3400,99,2020,2019-09-05,,,99,Wundercantrel Elementary School,K,5,2019-09-05,2020-06-05,"Obrien, Frankie",2020-06-05
3448,1100046,Shiv,Fry,2,M,144,3448,99,2020,2019-09-05,,,99,Wundercantrel Elementary School,K,5,2019-09-05,2020-06-05,"Fry, Shiv",2020-06-05
3496,1100094,Mylah,Croft,K,F,192,3496,99,2020,2019-09-05,,,99,Wundercantrel Elementary School,K,5,2019-09-05,2020-06-05,"Croft, Mylah",2020-06-05
3397,132080,Esme-Rose,Hanna,5,F,93,3397,99,2020,2019-09-05,,,99,Wundercantrel Elementary School,K,5,2019-09-05,2020-06-05,"Hanna, Esme-rose",2020-06-05
3487,1100085,Izaan,Casey,K,M,183,3487,99,2020,2019-09-05,,,99,Wundercantrel Elementary School,K,5,2019-09-05,2020-06-05,"Casey, Izaan",2020-06-05
3419,1100017,Elora,Fields,4,F,115,3419,99,2020,2019-09-05,,,99,Wundercantrel Elementary School,K,5,2019-09-05,2020-06-05,"Fields, Elora",2020-06-05
3452,1100050,Demi-Lee,Puckett,2,F,148,3452,99,2020,2019-09-05,,,99,Wundercantrel Elementary School,K,5,2019-09-05,2020-06-05,"Puckett, Demi-lee",2020-06-05
3467,1100065,Oisin,Duke,1,M,163,3467,99,2020,2019-09-05,,,99,Wundercantrel Elementary School,K,5,2019-09-05,2020-06-05,"Duke, Oisin",2020-06-05
3489,1100087,Jody,Charles,K,M,185,3489,99,2020,2019-09-05,,,99,Wundercantrel Elementary School,K,5,2019-09-05,2020-06-05,"Charles, Jody",2020-06-05
3430,1100028,Asa,Hail,3,M,126,3430,99,2020,2019-09-05,2019-10-31,,99,Wundercantrel Elementary School,K,5,2019-09-05,2020-06-05,"Hail, Asa",2019-11-04
3473,1100071,Aairah,Khan,1,F,169,3473,99,2020,2019-09-05,,,99,Wundercantrel Elementary School,K,5,2019-09-05,2020-06-05,"Khan, Aairah",2020-06-05
3446,1100044,Shabaz,Gonzales,2,M,142,3446,99,2020,2019-09-05,,,99,Wundercantrel Elementary School,K,5,2019-09-05,2020-06-05,"Gonzales, Shabaz",2020-06-05
3399,132082,Aimee,Donaldson,5,F,95,3399,99,2020,2019-09-05,,,99,Wundercantrel Elementary School,K,5,2019-09-05,2020-06-05,"Donaldson, Aimee",2020-06-05
3447,1100045,Connor,Chandler,2,M,143,3447,99,2020,2019-09-05,,,99,Wundercantrel Elementary School,K,5,2019-09-05,2020-06-05,"Chandler, Connor",2020-06-05
3494,1100092,Aleesha,Smith,K,F,190,3494,99,2020,2019-09-05,,,99,Wundercantrel Elementary School,K,5,2019-09-05,2020-06-05,"Smith, Aleesha",2020-06-05
3434,1100032,Aviana,Stein,3,F,130,3434,99,2020,2019-09-05,,,99,Wundercantrel Elementary School,K,5,2019-09-05,2020-06-05,"Stein, Aviana",2020-06-05
3421,1100019,Colby,Charles,4,F,117,3421,99,2020,2019-09-05,,,99,Wundercantrel Elementary School,K,5,2019-09-05,2020-06-05,"Charles, Colby",2020-06-05
3396,132079,Mia,Kemp,5,F,92,3396,99,2020,2019-09-05,,,99,Wundercantrel Elementary School,K,5,2019-09-05,2020-06-05,"Kemp, Mia",2020-06-05
3456,1100054,Tea,Barlow,2,F,152,3456,99,2020,2019-09-05,,,99,Wundercantrel Elementary School,K,5,2019-09-05,2020-06-05,"Barlow, Tea",2020-06-05
3404,1100002,Zackery,Mcdonnell,4,M,100,3404,99,2020,2019-09-05,,,99,Wundercantrel Elementary School,K,5,2019-09-05,2020-06-05,"Mcdonnell, Zackery",2020-06-05
3468,1100066,Anton,Prentice,1,M,164,3468,99,2020,2019-09-05,2020-05-19,,99,Wundercantrel Elementary School,K,5,2019-09-05,2020-06-05,"Prentice, Anton",2020-05-21
3445,1100043,Arron,Hughes,2,M,141,3445,99,2020,2019-09-05,,,99,Wundercantrel Elementary School,K,5,2019-09-05,2020-06-05,"Hughes, Arron",2020-06-05
3407,1100005,Arvin,Gomez,4,M,103,3407,99,2020,2019-09-05,,,99,Wundercantrel Elementary School,K,5,2019-09-05,2020-06-05,"Gomez, Arvin",2020-06-05
3471,1100069,Amayah,Terrell,1,F,167,3471,99,2020,2019-09-05,,,99,Wundercantrel Elementary School,K,5,2019-09-05,2020-06-05,"Terrell, Amayah",2020-06-05
3451,1100049,Chloe,Forrest,2,F,147,3451,99,2020,2019-09-05,,,99,Wundercantrel Elementary School,K,5,2019-09-05,2020-06-05,"Forrest, Chloe",2020-06-05
3405,1100003,Mackenzie,Downs-Hickman,4,M,101,3405,99,2020,2019-09-05,,,99,Wundercantrel Elementary School,K,5,2019-09-05,2020-06-05,"Downs-hickman, Mackenzie",2020-06-05
